Temp,RB,GB,BB
340,6385.614959993125,10651.782963797687,157.15359497995132
325,15751.279470738917,24451.228971576355,401.6342648275845
310,19236.2820334776,29807.795267681602,385.1123189943416
295,15382.702270819109,23726.289015201055,261.0794532798707
280,3852.16191516554,6087.634884487339,67.00751566960658
